X,Y,Z
1,1,365.08
2,1,365.58
3,1,365.59
4,1,365.59
5,1,365.59
6,1,365.25
7,1,364.02
8,1,362.79
9,1,361.56
10,1,360.32
11,1,359.06
12,1,357.79
13,1,356.53
14,1,355.26
15,1,354.8
16,1,354.82
17,1,354.85
18,1,354.88
19,1,354.35
20,1,352.5
21,1,350.65
22,1,348.8
23,1,346.95
24,1,345.39
25,1,343.84
26,1,342.29
27,1,340.74
28,1,339.88
29,1,339.41
30,1,338.94
31,1,338.48
32,1,337.86
33,1,336.91
34,1,335.97
35,1,335.02
36,1,334.07
37,1,335.17
38,1,336.3
39,1,337.44
40,1,338.57
41,1,339.51
42,1,340.35
43,1,341.2
44,1,342.04
45,1,341.93
46,1,339.84
47,1,337.75
48,1,333.58
49,1,332.33
50,1,331.08
51,1,329.84
52,1,328.59
53,1,328.34
54,1,328.59
55,1,328.83
56,1,329.08
57,1,327.98
58,1,327.04
59,1,324.74
60,1,323.9
1,2,366.47
2,2,367
3,2,367.14
4,2,367.28
5,2,367.42
6,2,367.2
7,2,366.04
8,2,364.88
9,2,363.72
10,2,362.55
11,2,361.18
12,2,359.8
13,2,358.42
14,2,357.04
15,2,356.41
16,2,356.24
17,2,356.08
18,2,355.91
19,2,355.3
20,2,353.59
21,2,351.89
22,2,350.18
23,2,348.48
24,2,346.73
25,2,344.99
26,2,343.24
27,2,341.49
28,2,340.51
29,2,339.95
30,2,339.39
31,2,338.83
32,2,338.2
33,2,337.39
34,2,336.58
35,2,335.78
36,2,334.97
37,2,336.07
38,2,337.21
39,2,338.35
40,2,339.49
41,2,340.48
42,2,341.4
43,2,342.31
44,2,343.23
45,2,343.18
46,2,341.12
47,2,339.07
48,2,334.96
49,2,333.79
50,2,332.63
51,2,331.47
52,2,330.3
53,2,330.09
54,2,330.35
55,2,330.6
56,2,330.86
57,2,329.66
58,2,328.64
59,2,326.25
60,2,325.52
1,3,367.85
2,3,368.42
3,3,368.7
4,3,368.98
5,3,369.26
6,3,369.16
7,3,368.06
8,3,366.97
9,3,365.88
10,3,364.78
11,3,363.31
12,3,361.81
13,3,360.31
14,3,358.81
15,3,358.02
16,3,357.66
17,3,357.31
18,3,356.95
19,3,356.24
20,3,354.68
21,3,353.12
22,3,351.56
23,3,350
24,3,348.07
25,3,346.13
26,3,344.19
27,3,342.25
28,3,341.13
29,3,340.48
30,3,339.83
31,3,339.18
32,3,338.53
33,3,337.87
34,3,337.2
35,3,336.54
36,3,335.87
37,3,336.98
38,3,338.12
39,3,339.27
40,3,340.41
41,3,341.45
42,3,342.44
43,3,343.43
44,3,344.42
45,3,344.43
46,3,342.41
47,3,340.38
48,3,336.34
49,3,335.26
50,3,334.18
51,3,333.1
52,3,332.02
53,3,331.84
54,3,332.11
55,3,332.37
56,3,332.64
57,3,331.35
58,3,330.25
59,3,327.76
60,3,327.13
1,4,370.6
2,4,371.22
3,4,371.56
4,4,371.91
5,4,372.25
6,4,372.2
7,4,371.13
8,4,370.05
9,4,368.98
10,4,367.9
11,4,366.21
12,4,364.48
13,4,362.75
14,4,361.02
15,4,359.92
16,4,359.19
17,4,358.47
18,4,357.75
19,4,356.8
20,4,355.32
21,4,353.84
22,4,352.36
23,4,350.88
24,4,349.01
25,4,347.13
26,4,345.25
27,4,343.37
28,4,342.33
29,4,341.77
30,4,341.22
31,4,340.66
32,4,340.11
33,4,339.61
34,4,339.1
35,4,338.59
36,4,338.08
37,4,338.96
38,4,339.86
39,4,340.77
40,4,341.67
41,4,342.49
42,4,343.26
43,4,344.03
44,4,344.8
45,4,344.72
46,4,342.87
47,4,339.17
48,4,337.32
49,4,336.33
50,4,335.34
51,4,334.35
52,4,333.36
53,4,333.1
54,4,333.21
55,4,333.33
56,4,333.44
57,4,332.23
58,4,331.27
59,4,329.16
60,4,328.76
1,5,373.98
2,5,374.65
3,5,375.03
4,5,375.41
5,5,375.79
6,5,375.76
7,5,374.68
8,5,373.6
9,5,372.52
10,5,371.43
11,5,369.47
12,5,367.46
13,5,365.44
14,5,363.43
15,5,361.94
16,5,360.77
17,5,359.6
18,5,358.43
19,5,357.19
20,5,355.75
21,5,354.32
22,5,352.88
23,5,351.45
24,5,349.76
25,5,348.06
26,5,346.36
27,5,344.66
28,5,343.8
29,5,343.41
30,5,343.03
31,5,342.65
32,5,342.28
33,5,341.93
34,5,341.59
35,5,341.24
36,5,340.9
37,5,341.43
38,5,341.98
39,5,342.53
40,5,343.09
41,5,343.55
42,5,343.97
43,5,344.38
44,5,344.8
45,5,344.56
46,5,342.95
47,5,341.34
48,5,338.12
49,5,337.21
50,5,336.32
51,5,335.42
52,5,334.52
53,5,334.14
54,5,334.02
55,5,333.89
56,5,333.77
57,5,332.73
58,5,332.01
59,5,330.52
60,5,330.4
1,6,377.37
2,6,378.08
3,6,378.5
4,6,378.91
5,6,379.32
6,6,379.32
7,6,378.23
8,6,377.14
9,6,376.05
10,6,374.97
11,6,372.73
12,6,370.43
13,6,368.14
14,6,365.84
15,6,363.97
16,6,362.35
17,6,360.74
18,6,359.12
19,6,357.57
20,6,356.19
21,6,354.8
22,6,353.41
23,6,352.02
24,6,350.51
25,6,348.99
26,6,347.46
27,6,345.94
28,6,345.26
29,6,345.05
30,6,344.85
31,6,344.64
32,6,344.45
33,6,344.26
34,6,344.08
35,6,343.9
36,6,343.72
37,6,343.91
38,6,344.1
39,6,344.3
40,6,344.5
41,6,344.61
42,6,344.67
43,6,344.74
44,6,344.8
45,6,344.4
46,6,343.03
47,6,341.66
48,6,338.91
49,6,338.1
50,6,337.29
51,6,336.49
52,6,335.68
53,6,335.17
54,6,334.82
55,6,334.46
56,6,334.11
57,6,333.23
58,6,332.75
59,6,331.87
60,6,332.03
1,7,380.75
2,7,381.52
3,7,381.96
4,7,382.41
5,7,382.86
6,7,382.88
7,7,381.78
8,7,380.69
9,7,379.59
10,7,378.5
11,7,375.99
12,7,373.41
13,7,370.83
14,7,368.25
15,7,365.99
16,7,363.93
17,7,361.87
18,7,359.81
19,7,357.96
20,7,356.62
21,7,355.28
22,7,353.94
23,7,352.6
24,7,351.25
25,7,349.91
26,7,348.57
27,7,347.23
28,7,346.72
29,7,346.69
30,7,346.67
31,7,346.64
32,7,346.61
33,7,346.59
34,7,346.57
35,7,346.55
36,7,346.54
37,7,346.38
38,7,346.23
39,7,346.07
40,7,345.92
41,7,345.67
42,7,345.38
43,7,345.09
44,7,344.8
45,7,344.24
46,7,343.11
47,7,340.84
48,7,339.71
49,7,338.99
50,7,338.27
51,7,337.56
52,7,336.84
53,7,336.21
54,7,335.62
55,7,335.03
56,7,334.44
57,7,333.73
58,7,333.49
59,7,333.23
60,7,333.67
1,8,384.14
2,8,384.95
3,8,385.43
4,8,385.91
5,8,386.39
6,8,386.43
7,8,385.33
8,8,384.23
9,8,383.13
10,8,382.03
11,8,379.25
12,8,376.39
13,8,373.52
14,8,370.66
15,8,368.01
16,8,365.51
17,8,363
18,8,360.5
19,8,358.35
20,8,357.05
21,8,355.76
22,8,354.46
23,8,353.17
24,8,352
25,8,350.84
26,8,349.68
27,8,348.52
28,8,348.19
29,8,348.34
30,8,348.48
31,8,348.63
32,8,348.78
33,8,348.92
34,8,349.07
35,8,349.21
36,8,349.35
37,8,348.86
38,8,348.35
39,8,347.84
40,8,347.33
41,8,346.73
42,8,346.09
43,8,345.45
44,8,344.81
45,8,344.08
46,8,343.19
47,8,342.29
48,8,340.5
49,8,339.88
50,8,339.25
51,8,338.62
52,8,338
53,8,337.24
54,8,336.42
55,8,335.6
56,8,334.78
57,8,334.23
58,8,334.23
59,8,334.59
60,8,335.3
1,9,386.82
2,9,387.76
3,9,388.23
4,9,388.69
5,9,389.16
6,9,389.14
7,9,387.86
8,9,386.57
9,9,385.29
10,9,384.01
11,9,381.23
12,9,378.36
13,9,375.49
14,9,372.63
15,9,369.86
16,9,367.16
17,9,364.46
18,9,361.76
19,9,359.42
20,9,357.95
21,9,356.48
22,9,355.01
23,9,353.54
24,9,352.89
25,9,352.27
26,9,351.65
27,9,351.03
28,9,351
29,9,351.32
30,9,351.63
31,9,351.95
32,9,352.21
33,9,352.34
34,9,352.47
35,9,352.6
36,9,352.73
37,9,352.11
38,9,351.47
39,9,350.83
40,9,350.2
41,9,349.47
42,9,348.68
43,9,347.9
44,9,347.12
45,9,346.3
46,9,345.41
47,9,344.53
48,9,342.76
49,9,341.98
50,9,341.21
51,9,340.43
52,9,339.66
53,9,338.79
54,9,337.87
55,9,336.96
56,9,336.05
57,9,335.45
58,9,335.46
59,9,335.7
60,9,336.13
1,10,389.25
2,10,390.35
3,10,390.78
4,10,391.22
5,10,391.65
6,10,391.54
7,10,390.01
8,10,388.49
9,10,386.97
10,10,385.44
11,10,382.74
12,10,379.98
13,10,377.21
14,10,374.44
15,10,371.65
16,10,368.84
17,10,366.03
18,10,363.23
19,10,360.73
20,10,359.01
21,10,357.29
22,10,355.56
23,10,353.84
24,10,353.82
25,10,353.87
26,10,353.92
27,10,353.97
28,10,354.3
29,10,354.78
30,10,355.26
31,10,355.74
32,10,356.09
33,10,356.14
34,10,356.19
35,10,356.24
36,10,356.29
37,10,355.63
38,10,354.94
39,10,354.26
40,10,353.58
41,10,352.79
42,10,351.94
43,10,351.09
44,10,350.24
45,10,349.36
46,10,348.4
47,10,346.48
48,10,345.52
49,10,344.52
50,10,343.51
51,10,342.5
52,10,341.49
53,10,340.51
54,10,339.56
55,10,338.6
56,10,337.64
57,10,336.93
58,10,336.87
59,10,336.72
60,10,336.67
1,11,391.68
2,11,392.94
3,11,393.34
4,11,393.74
5,11,394.14
6,11,393.94
7,11,392.17
8,11,390.41
9,11,388.64
10,11,386.88
11,11,384.26
12,11,381.59
13,11,378.93
14,11,376.26
15,11,373.44
16,11,370.52
17,11,367.61
18,11,364.69
19,11,362.05
20,11,360.07
21,11,358.09
22,11,356.11
23,11,354.14
24,11,354.76
25,11,355.48
26,11,356.2
27,11,356.92
28,11,357.59
29,11,358.23
30,11,358.88
31,11,359.53
32,11,359.97
33,11,359.94
34,11,359.91
35,11,359.89
36,11,359.86
37,11,359.15
38,11,358.42
39,11,357.69
40,11,356.96
41,11,356.11
42,11,355.2
43,11,354.29
44,11,353.37
45,11,352.42
46,11,351.39
47,11,350.36
48,11,348.29
49,11,347.05
50,11,345.81
51,11,344.56
52,11,343.32
53,11,342.24
54,11,341.24
55,11,340.24
56,11,339.24
57,11,338.4
58,11,338.27
59,11,337.74
60,11,337.21
1,12,394.12
2,12,395.53
3,12,395.9
4,12,396.26
5,12,396.63
6,12,396.34
7,12,394.33
8,12,392.32
9,12,390.31
10,12,388.31
11,12,385.77
12,12,383.21
13,12,380.64
14,12,378.08
15,12,375.23
16,12,372.2
17,12,369.18
18,12,366.16
19,12,363.36
20,12,361.13
21,12,358.9
22,12,356.67
23,12,354.43
24,12,355.7
25,12,357.08
26,12,358.47
27,12,359.86
28,12,360.88
29,12,361.69
30,12,362.5
31,12,363.32
32,12,363.85
33,12,363.74
34,12,363.64
35,12,363.53
36,12,363.43
37,12,362.67
38,12,361.89
39,12,361.12
40,12,360.34
41,12,359.44
42,12,358.46
43,12,357.48
44,12,356.5
45,12,355.48
46,12,354.37
47,12,353.27
48,12,351.06
49,12,349.59
50,12,348.11
51,12,346.63
52,12,345.15
53,12,343.97
54,12,342.92
55,12,341.88
56,12,340.84
57,12,339.88
58,12,339.67
59,12,338.76
60,12,337.75
1,13,396.55
2,13,398.12
3,13,398.46
4,13,398.79
5,13,399.12
6,13,398.74
7,13,396.49
8,13,394.24
9,13,391.99
10,13,389.74
11,13,387.29
12,13,384.82
13,13,382.36
14,13,379.89
15,13,377.02
16,13,373.88
17,13,370.75
18,13,367.62
19,13,364.68
20,13,362.19
21,13,359.71
22,13,357.22
23,13,354.73
24,13,356.63
25,13,358.69
26,13,360.75
27,13,362.8
28,13,364.17
29,13,365.15
30,13,366.13
31,13,367.11
32,13,367.72
33,13,367.54
34,13,367.36
35,13,367.18
36,13,367
37,13,366.19
38,13,365.37
39,13,364.55
40,13,363.73
41,13,362.76
42,13,361.72
43,13,360.67
44,13,359.63
45,13,358.54
46,13,357.36
47,13,355.01
48,13,353.83
49,13,352.12
50,13,350.41
51,13,348.7
52,13,346.99
53,13,345.69
54,13,344.61
55,13,343.52
56,13,342.43
57,13,341.35
58,13,341.08
59,13,339.78
60,13,338.3
1,14,397.11
2,14,398.5
3,14,398.59
4,14,398.68
5,14,398.77
6,14,398.14
7,14,395.62
8,14,393.1
9,14,390.59
10,14,388.07
11,14,385.75
12,14,383.44
13,14,381.13
14,14,378.82
15,14,376.16
16,14,373.28
17,14,370.41
18,14,367.53
19,14,364.83
20,14,362.52
21,14,360.21
22,14,357.91
23,14,355.6
24,14,357.83
25,14,360.22
26,14,362.61
27,14,365
28,14,366.66
29,14,367.91
30,14,369.16
31,14,370.41
32,14,371.24
33,14,371.14
34,14,371.04
35,14,370.95
36,14,370.85
37,14,370.03
38,14,369.21
39,14,368.38
40,14,367.55
41,14,366.61
42,14,365.61
43,14,364.61
44,14,363.6
45,14,362.52
46,14,361.26
47,14,360
48,14,357.47
49,14,355.48
50,14,353.48
51,14,351.48
52,14,349.48
53,14,347.84
54,14,346.38
55,14,344.92
56,14,343.46
57,14,342.01
58,14,341.64
59,14,340
60,14,338.21
1,15,397.18
2,15,398.31
3,15,398.1
4,15,397.9
5,15,397.69
6,15,396.77
7,15,393.98
8,15,391.18
9,15,388.39
10,15,385.6
11,15,383.42
12,15,381.28
13,15,379.14
14,15,377
15,15,374.62
16,15,372.09
17,15,369.57
18,15,367.05
19,15,364.67
20,15,362.66
21,15,360.64
22,15,358.63
23,15,356.61
24,15,359.09
25,15,361.72
26,15,364.36
27,15,367
28,15,368.94
29,15,370.49
30,15,372.04
31,15,373.59
32,15,374.67
33,15,374.69
34,15,374.72
35,15,374.74
36,15,374.77
37,15,373.96
38,15,373.14
39,15,372.31
40,15,371.49
41,15,370.6
42,15,369.66
43,15,368.73
44,15,367.8
45,15,366.73
46,15,365.39
47,15,364.04
48,15,361.34
49,15,359.05
50,15,356.74
51,15,354.44
52,15,352.14
53,15,350.1
54,15,348.18
55,15,346.26
56,15,344.35
57,15,342.46
58,15,341.99
59,15,340.02
60,15,337.97
1,16,397.26
2,16,398.11
3,16,397.61
4,16,397.11
5,16,396.61
6,16,395.4
7,16,392.33
8,16,389.26
9,16,386.2
10,16,383.13
11,16,381.1
12,16,379.12
13,16,377.15
14,16,375.17
15,16,373.08
16,16,370.9
17,16,368.73
18,16,366.56
19,16,364.52
20,16,362.8
21,16,361.07
22,16,359.35
23,16,357.63
24,16,360.35
25,16,363.23
26,16,366.12
27,16,369
28,16,371.23
29,16,373.07
30,16,374.92
31,16,376.77
32,16,378.09
33,16,378.24
34,16,378.39
35,16,378.54
36,16,378.69
37,16,377.89
38,16,377.07
39,16,376.25
40,16,375.43
41,16,374.58
42,16,373.72
43,16,372.86
44,16,372
45,16,370.95
46,16,369.52
47,16,366.65
48,16,365.21
49,16,362.61
50,16,360.01
51,16,357.41
52,16,354.8
53,16,352.35
54,16,349.98
55,16,347.6
56,16,345.23
57,16,342.9
58,16,342.34
59,16,340.04
60,16,337.72
1,17,397.33
2,17,397.92
3,17,397.12
4,17,396.32
5,17,395.53
6,17,394.02
7,17,390.68
8,17,387.34
9,17,384
10,17,380.66
11,17,378.77
12,17,376.97
13,17,375.16
14,17,373.35
15,17,371.54
16,17,369.71
17,17,367.89
18,17,366.07
19,17,364.36
20,17,362.93
21,17,361.5
22,17,360.07
23,17,358.64
24,17,361.61
25,17,364.74
26,17,367.87
27,17,371
28,17,373.51
29,17,375.65
30,17,377.8
31,17,379.95
32,17,381.52
33,17,381.79
34,17,382.06
35,17,382.33
36,17,382.6
37,17,381.81
38,17,381
39,17,380.18
40,17,379.37
41,17,378.57
42,17,377.78
43,17,376.99
44,17,376.2
45,17,375.17
46,17,373.65
47,17,372.13
48,17,369.09
49,17,366.18
50,17,363.28
51,17,360.37
52,17,357.46
53,17,354.61
54,17,351.77
55,17,348.94
56,17,346.11
57,17,343.35
58,17,342.68
59,17,340.06
60,17,337.48
1,18,397.41
2,18,397.72
3,18,396.63
4,18,395.54
5,18,394.45
6,18,392.65
7,18,389.04
8,18,385.42
9,18,381.81
10,18,378.19
11,18,376.45
12,18,374.81
13,18,373.17
14,18,371.53
15,18,370
16,18,368.52
17,18,367.05
18,18,365.58
19,18,364.21
20,18,363.07
21,18,361.93
22,18,360.79
23,18,359.65
24,18,362.87
25,18,366.25
26,18,369.63
27,18,373
28,18,375.79
29,18,378.24
30,18,380.68
31,18,383.13
32,18,384.94
33,18,385.34
34,18,385.73
35,18,386.13
36,18,386.52
37,18,385.74
38,18,384.93
39,18,384.12
40,18,383.31
41,18,382.56
42,18,381.83
43,18,381.11
44,18,380.39
45,18,379.38
46,18,377.78
47,18,376.17
48,18,372.96
49,18,369.75
50,18,366.54
51,18,363.33
52,18,360.12
53,18,356.86
54,18,353.57
55,18,350.28
56,18,346.99
57,18,343.8
58,18,343.03
59,18,340.07
60,18,337.23
1,19,396.58
2,19,396.73
3,19,395.59
4,19,394.44
5,19,393.3
6,19,391.52
7,19,388.07
8,19,384.62
9,19,381.17
10,19,377.72
11,19,376.11
12,19,374.59
13,19,373.07
14,19,371.56
15,19,370.17
16,19,368.87
17,19,367.56
18,19,366.26
19,19,365.05
20,19,364.1
21,19,363.14
22,19,362.18
23,19,361.22
24,19,364.08
25,19,367.07
26,19,370.07
27,19,373.06
28,19,375.76
29,19,378.3
30,19,380.84
31,19,383.38
32,19,385.31
33,19,385.87
34,19,386.43
35,19,386.99
36,19,387.55
37,19,386.74
38,19,385.9
39,19,385.06
40,19,384.23
41,19,383.47
42,19,382.75
43,19,382.03
44,19,381.31
45,19,380.31
46,19,378.74
47,19,375.61
48,19,374.04
49,19,370.84
50,19,367.64
51,19,364.43
52,19,361.23
53,19,357.93
54,19,354.57
55,19,351.22
56,19,347.87
57,19,344.39
58,19,343.45
59,19,340.12
60,19,337.25
1,20,395.6
2,20,395.6
3,20,394.45
4,20,393.3
5,20,392.14
6,20,390.42
7,20,387.22
8,20,384.01
9,20,380.81
10,20,377.6
11,20,376.11
12,20,374.71
13,20,373.31
14,20,371.9
15,20,370.64
16,20,369.47
17,20,368.3
18,20,367.13
19,20,366.07
20,20,365.27
21,20,364.48
22,20,363.68
23,20,362.89
24,20,365.27
25,20,367.77
26,20,370.28
27,20,372.78
28,20,375.34
29,20,377.93
30,20,380.53
31,20,383.12
32,20,385.14
33,20,385.87
34,20,386.61
35,20,387.34
36,20,388.07
37,20,387.23
38,20,386.36
39,20,385.49
40,20,384.62
41,20,383.84
42,20,383.11
43,20,382.38
44,20,381.65
45,20,380.67
46,20,379.16
47,20,377.65
48,20,374.64
49,20,371.5
50,20,368.35
51,20,365.21
52,20,362.06
53,20,358.78
54,20,355.44
55,20,352.1
56,20,348.75
57,20,345.02
58,20,343.88
59,20,340.17
60,20,337.32
1,21,394.62
2,21,394.47
3,21,393.31
4,21,392.15
5,21,390.99
6,21,389.32
7,21,386.36
8,21,383.41
9,21,380.45
10,21,377.49
11,21,376.11
12,21,374.83
13,21,373.54
14,21,372.25
15,21,371.12
16,21,370.08
17,21,369.04
18,21,368.01
19,21,367.09
20,21,366.45
21,21,365.82
22,21,365.19
23,21,364.55
24,21,366.47
25,21,368.48
26,21,370.49
27,21,372.49
28,21,374.91
29,21,377.56
30,21,380.21
31,21,382.86
32,21,384.97
33,21,385.88
34,21,386.78
35,21,387.69
36,21,388.59
37,21,387.72
38,21,386.82
39,21,385.92
40,21,385.02
41,21,384.22
42,21,383.48
43,21,382.74
44,21,382
45,21,381.03
46,21,379.58
47,21,378.13
48,21,375.24
49,21,372.16
50,21,369.07
51,21,365.98
52,21,362.89
53,21,359.64
54,21,356.3
55,21,352.97
56,21,349.63
57,21,345.64
58,21,344.3
59,21,340.21
60,21,337.38
1,22,393.64
2,22,393.34
3,22,392.17
4,22,391
5,22,389.83
6,22,388.23
7,22,385.51
8,22,382.8
9,22,380.08
10,22,377.37
11,22,376.12
12,22,374.94
13,22,373.77
14,22,372.6
15,22,371.59
16,22,370.69
17,22,369.79
18,22,368.88
19,22,368.11
20,22,367.63
21,22,367.16
22,22,366.69
23,22,366.22
24,22,367.67
25,22,369.18
26,22,370.7
27,22,372.21
28,22,374.48
29,22,377.19
30,22,379.9
31,22,382.6
32,22,384.8
33,22,385.88
34,22,386.96
35,22,388.04
36,22,389.11
37,22,388.22
38,22,387.28
39,22,386.35
40,22,385.41
41,22,384.6
42,22,383.84
43,22,383.09
44,22,382.34
45,22,381.38
46,22,380
47,22,377.22
48,22,375.83
49,22,372.81
50,22,369.78
51,22,366.75
52,22,363.73
53,22,360.5
54,22,357.17
55,22,353.84
56,22,350.51
57,22,346.26
58,22,344.73
59,22,340.26
60,22,337.45
1,23,392.66
2,23,392.22
3,23,391.03
4,23,389.85
5,23,388.67
6,23,387.13
7,23,384.66
8,23,382.19
9,23,379.72
10,23,377.25
11,23,376.12
12,23,375.06
13,23,374
14,23,372.94
15,23,372.06
16,23,371.3
17,23,370.53
18,23,369.76
19,23,369.12
20,23,368.81
21,23,368.5
22,23,368.2
23,23,367.89
24,23,368.86
25,23,369.88
26,23,370.91
27,23,371.93
28,23,374.06
29,23,376.82
30,23,379.58
31,23,382.34
32,23,384.64
33,23,385.89
34,23,387.14
35,23,388.39
36,23,389.63
37,23,388.71
38,23,387.74
39,23,386.77
40,23,385.8
41,23,384.97
42,23,384.21
43,23,383.45
44,23,382.68
45,23,381.74
46,23,380.41
47,23,379.09
48,23,376.43
49,23,373.47
50,23,370.5
51,23,367.53
52,23,364.56
53,23,361.35
54,23,358.03
55,23,354.71
56,23,351.39
57,23,346.89
58,23,345.16
59,23,340.31
60,23,337.52
1,24,392.94
2,24,392.51
3,24,391.46
4,24,390.41
5,24,389.36
6,24,388.01
7,24,385.86
8,24,383.71
9,24,381.57
10,24,379.42
11,24,378.44
12,24,377.52
13,24,376.6
14,24,375.69
15,24,374.98
16,24,374.4
17,24,373.82
18,24,373.25
19,24,372.72
20,24,372.32
21,24,371.92
22,24,371.53
23,24,371.13
24,24,371.82
25,24,372.54
26,24,373.27
27,24,374
28,24,375.6
29,24,377.71
30,24,379.82
31,24,381.93
32,24,383.65
33,24,384.5
34,24,385.34
35,24,386.19
36,24,387.04
37,24,385.83
38,24,384.59
39,24,383.35
40,24,382.11
41,24,381.09
42,24,380.2
43,24,379.31
44,24,378.42
45,24,377.37
46,24,376.02
47,24,374.66
48,24,371.95
49,24,369.35
50,24,366.76
51,24,364.16
52,24,361.56
53,24,359.04
54,24,356.56
55,24,354.08
56,24,351.6
57,24,347.76
58,24,346.12
59,24,341.25
60,24,338.06
1,25,393.35
2,25,392.96
3,25,392.05
4,25,391.15
5,25,390.24
6,25,389.09
7,25,387.27
8,25,385.45
9,25,383.64
10,25,381.82
11,25,380.99
12,25,380.22
13,25,379.45
14,25,378.67
15,25,378.14
16,25,377.76
17,25,377.38
18,25,377
19,25,376.58
20,25,376.07
21,25,375.55
22,25,375.04
23,25,374.53
24,25,374.95
25,25,375.4
26,25,375.85
27,25,376.3
28,25,377.35
29,25,378.74
30,25,380.12
31,25,381.51
32,25,382.59
33,25,382.97
34,25,383.35
35,25,383.74
36,25,384.12
37,25,382.62
38,25,381.08
39,25,379.54
40,25,378
41,25,376.78
42,25,375.75
43,25,374.71
44,25,373.68
45,25,372.53
46,25,371.13
47,25,368.34
48,25,366.95
49,25,364.76
50,25,362.57
51,25,360.38
52,25,358.18
53,25,356.41
54,25,354.86
55,25,353.3
56,25,351.74
57,25,348.67
58,25,347.14
59,25,342.28
60,25,338.65
1,26,393.75
2,26,393.4
3,26,392.64
4,26,391.88
5,26,391.12
6,26,390.16
7,26,388.68
8,26,387.19
9,26,385.71
10,26,384.22
11,26,383.55
12,26,382.92
13,26,382.29
14,26,381.66
15,26,381.31
16,26,381.12
17,26,380.94
18,26,380.75
19,26,380.44
20,26,379.81
21,26,379.18
22,26,378.56
23,26,377.93
24,26,378.08
25,26,378.26
26,26,378.43
27,26,378.61
28,26,379.1
29,26,379.76
30,26,380.42
31,26,381.09
32,26,381.52
33,26,381.44
34,26,381.36
35,26,381.28
36,26,381.2
37,26,379.4
38,26,377.56
39,26,375.72
40,26,373.88
41,26,372.48
42,26,371.3
43,26,370.12
44,26,368.94
45,26,367.68
46,26,366.25
47,26,364.81
48,26,361.94
49,26,360.16
50,26,358.37
51,26,356.59
52,26,354.8
53,26,353.78
54,26,353.15
55,26,352.51
56,26,351.87
57,26,349.57
58,26,348.16
59,26,343.31
60,26,339.24
1,27,394.15
2,27,393.85
3,27,393.23
4,27,392.62
5,27,392
6,27,391.24
7,27,390.08
8,27,388.93
9,27,387.78
10,27,386.62
11,27,386.1
12,27,385.62
13,27,385.13
14,27,384.65
15,27,384.47
16,27,384.48
17,27,384.49
18,27,384.51
19,27,384.3
20,27,383.56
21,27,382.81
22,27,382.07
23,27,381.33
24,27,381.21
25,27,381.11
26,27,381.01
27,27,380.92
28,27,380.84
29,27,380.78
30,27,380.72
31,27,380.66
32,27,380.46
33,27,379.91
34,27,379.37
35,27,378.83
36,27,378.29
37,27,376.18
38,27,374.05
39,27,371.91
40,27,369.77
41,27,368.17
42,27,366.85
43,27,365.53
44,27,364.21
45,27,362.84
46,27,361.36
47,27,359.89
48,27,356.94
49,27,355.56
50,27,354.18
51,27,352.8
52,27,351.42
53,27,351.15
54,27,351.44
55,27,351.72
56,27,352.01
57,27,350.47
58,27,349.18
59,27,344.34
60,27,339.83
1,28,394.56
2,28,394.29
3,28,393.82
4,28,393.35
5,28,392.88
6,28,392.32
7,28,391.49
8,28,390.67
9,28,389.84
10,28,389.02
11,28,388.66
12,28,388.31
13,28,387.97
14,28,387.63
15,28,387.63
16,28,387.84
17,28,388.05
18,28,388.26
19,28,388.16
20,28,387.3
21,28,386.44
22,28,385.59
23,28,384.73
24,28,384.34
25,28,383.97
26,28,383.6
27,28,383.22
28,28,382.59
29,28,381.81
30,28,381.02
31,28,380.24
32,28,379.39
33,28,378.39
34,28,377.38
35,28,376.38
36,28,375.37
37,28,372.97
38,28,370.53
39,28,368.1
40,28,365.66
41,28,363.86
42,28,362.4
43,28,360.93
44,28,359.47
45,28,357.99
46,28,356.48
47,28,353.45
48,28,351.94
49,28,350.97
50,28,349.99
51,28,349.02
52,28,348.04
53,28,348.52
54,28,349.73
55,28,350.94
56,28,352.15
57,28,351.37
58,28,350.2
59,28,345.37
60,28,340.42
1,29,396.22
2,29,396.06
3,29,395.81
4,29,395.56
5,29,395.31
6,29,394.94
7,29,394.23
8,29,393.53
9,29,392.83
10,29,392.13
11,29,391.81
12,29,391.51
13,29,391.21
14,29,390.92
15,29,390.91
16,29,391.08
17,29,391.25
18,29,391.43
19,29,391.31
20,29,390.51
21,29,389.7
22,29,388.89
23,29,388.09
24,29,387.63
25,29,387.19
26,29,386.75
27,29,386.31
28,29,385.42
29,29,384.28
30,29,383.15
31,29,382.01
32,29,380.73
33,29,379.12
34,29,377.51
35,29,375.91
36,29,374.3
37,29,371.7
38,29,369.09
39,29,366.47
40,29,363.85
41,29,361.84
42,29,360.16
43,29,358.48
44,29,356.8
45,29,355.17
46,29,353.64
47,29,352.11
48,29,349.06
49,29,348.3
50,29,347.55
51,29,346.79
52,29,346.04
53,29,346.69
54,29,348.04
55,29,349.39
56,29,350.74
57,29,350.28
58,29,349.27
59,29,345.04
60,29,340.65
1,30,397.92
2,30,397.89
3,30,397.86
4,30,397.83
5,30,397.8
6,30,397.61
7,30,397.02
8,30,396.43
9,30,395.85
10,30,395.26
11,30,394.98
12,30,394.73
13,30,394.47
14,30,394.21
15,30,394.19
16,30,394.32
17,30,394.45
18,30,394.57
19,30,394.44
20,30,393.69
21,30,392.94
22,30,392.19
23,30,391.44
24,30,390.93
25,30,390.43
26,30,389.92
27,30,389.42
28,30,388.29
29,30,386.81
30,30,385.33
31,30,383.85
32,30,382.15
33,30,379.94
34,30,377.72
35,30,375.51
36,30,373.3
37,30,370.51
38,30,367.72
39,30,364.92
40,30,362.12
41,30,359.91
42,30,358.01
43,30,356.11
44,30,354.21
45,30,352.42
46,30,350.88
47,30,349.33
48,30,346.25
49,30,345.7
50,30,345.17
51,30,344.63
52,30,344.09
53,30,344.89
54,30,346.35
55,30,347.81
56,30,349.27
57,30,349.11
58,30,348.26
59,30,344.66
60,30,340.87
1,31,399.62
2,31,399.71
3,31,399.9
4,31,400.09
5,31,400.28
6,31,400.29
7,31,399.81
8,31,399.34
9,31,398.86
10,31,398.39
11,31,398.16
12,31,397.94
13,31,397.72
14,31,397.51
15,31,397.47
16,31,397.56
17,31,397.64
18,31,397.72
19,31,397.57
20,31,396.88
21,31,396.19
22,31,395.49
23,31,394.8
24,31,394.23
25,31,393.66
26,31,393.1
27,31,392.53
28,31,391.17
29,31,389.34
30,31,387.52
31,31,385.7
32,31,383.57
33,31,380.75
34,31,377.93
35,31,375.11
36,31,372.3
37,31,369.32
38,31,366.35
39,31,363.37
40,31,360.39
41,31,357.97
42,31,355.85
43,31,353.73
44,31,351.61
45,31,349.67
46,31,348.11
47,31,345
48,31,343.44
49,31,343.11
50,31,342.78
51,31,342.46
52,31,342.14
53,31,343.08
54,31,344.66
55,31,346.23
56,31,347.81
57,31,347.94
58,31,347.26
59,31,344.29
60,31,341.09
1,32,401.32
2,32,401.53
3,32,401.94
4,32,402.36
5,32,402.77
6,32,402.96
7,32,402.6
8,32,402.24
9,32,401.88
10,32,401.52
11,32,401.33
12,32,401.15
13,32,400.98
14,32,400.8
15,32,400.76
16,32,400.79
17,32,400.83
18,32,400.86
19,32,400.7
20,32,400.07
21,32,399.43
22,32,398.79
23,32,398.15
24,32,397.53
25,32,396.9
26,32,396.27
27,32,395.64
28,32,394.04
29,32,391.87
30,32,389.71
31,32,387.55
32,32,384.99
33,32,381.57
34,32,378.14
35,32,374.72
36,32,371.29
37,32,368.13
38,32,364.97
39,32,361.82
40,32,358.66
41,32,356.04
42,32,353.7
43,32,351.36
44,32,349.02
45,32,346.92
46,32,345.35
47,32,343.78
48,32,340.63
49,32,340.51
50,32,340.4
51,32,340.29
52,32,340.18
53,32,341.28
54,32,342.97
55,32,344.66
56,32,346.34
57,32,346.77
58,32,346.25
59,32,343.91
60,32,341.31
1,33,403.06
2,33,403.39
3,33,404.03
4,33,404.66
5,33,405.29
6,33,405.68
7,33,405.43
8,33,405.18
9,33,404.94
10,33,404.69
11,33,404.54
12,33,404.4
13,33,404.26
14,33,404.12
15,33,404.06
16,33,404.05
17,33,404.04
18,33,404.03
19,33,403.85
20,33,403.26
21,33,402.66
22,33,402.07
23,33,401.48
24,33,400.78
25,33,400.07
26,33,399.37
27,33,398.66
28,33,396.81
29,33,394.31
30,33,391.81
31,33,389.31
32,33,386.35
33,33,382.33
34,33,378.32
35,33,374.3
36,33,370.28
37,33,366.94
38,33,363.61
39,33,360.28
40,33,356.95
41,33,354.13
42,33,351.57
43,33,349.02
44,33,346.47
45,33,344.23
46,33,342.64
47,33,341.06
48,33,337.89
49,33,337.97
50,33,338.07
51,33,338.16
52,33,338.26
53,33,339.49
54,33,341.28
55,33,343.07
56,33,344.86
57,33,345.57
58,33,345.22
59,33,343.5
60,33,341.5
1,34,406.64
2,34,407.15
3,34,407.97
4,34,408.79
5,34,409.61
6,34,410.17
7,34,410.06
8,34,409.94
9,34,409.83
10,34,409.71
11,34,409.46
12,34,409.2
13,34,408.94
14,34,408.68
15,34,408.52
16,34,408.42
17,34,408.33
18,34,408.23
19,34,407.83
20,34,406.69
21,34,405.56
22,34,404.42
23,34,403.29
24,34,401.8
25,34,400.3
26,34,398.81
27,34,397.31
28,34,395.12
29,34,392.54
30,34,389.96
31,34,387.38
32,34,384.41
33,34,380.59
34,34,376.76
35,34,372.93
36,34,369.1
37,34,365.8
38,34,362.5
39,34,359.21
40,34,355.91
41,34,353.23
42,34,350.87
43,34,348.51
44,34,346.14
45,34,344.07
46,34,342.61
47,34,339.69
48,34,338.23
49,34,338.05
50,34,337.87
51,34,337.69
52,34,337.51
53,34,338.39
54,34,339.8
55,34,341.22
56,34,342.63
57,34,343.31
58,34,343.12
59,34,341.91
60,34,340.24
1,35,410.22
2,35,410.9
3,35,411.91
4,35,412.92
5,35,413.93
6,35,414.66
7,35,414.68
8,35,414.7
9,35,414.72
10,35,414.74
11,35,414.38
12,35,414
13,35,413.62
14,35,413.24
15,35,412.98
16,35,412.8
17,35,412.61
18,35,412.43
19,35,411.81
20,35,410.13
21,35,408.45
22,35,406.77
23,35,405.1
24,35,402.83
25,35,400.54
26,35,398.25
27,35,395.96
28,35,393.43
29,35,390.77
30,35,388.11
31,35,385.45
32,35,382.48
33,35,378.84
34,35,375.2
35,35,371.56
36,35,367.92
37,35,364.65
38,35,361.4
39,35,358.14
40,35,354.88
41,35,352.33
42,35,350.16
43,35,347.99
44,35,345.82
45,35,343.92
46,35,342.58
47,35,341.25
48,35,338.58
49,35,338.12
50,35,337.67
51,35,337.22
52,35,336.76
53,35,337.3
54,35,338.33
55,35,339.36
56,35,340.39
57,35,341.04
58,35,341.02
59,35,340.31
60,35,338.98
1,36,413.79
2,36,414.65
3,36,415.85
4,36,417.05
5,36,418.25
6,36,419.16
7,36,419.31
8,36,419.46
9,36,419.61
10,36,419.76
11,36,419.3
12,36,418.8
13,36,418.3
14,36,417.8
15,36,417.44
16,36,417.17
17,36,416.9
18,36,416.63
19,36,415.79
20,36,413.57
21,36,411.35
22,36,409.13
23,36,406.9
24,36,403.85
25,36,400.77
26,36,397.69
27,36,394.6
28,36,391.74
29,36,389
30,36,386.26
31,36,383.51
32,36,380.55
33,36,377.1
34,36,373.64
35,36,370.19
36,36,366.74
37,36,363.51
38,36,360.29
39,36,357.07
40,36,353.85
41,36,351.43
42,36,349.45
43,36,347.47
44,36,345.49
45,36,343.76
46,36,342.55
47,36,341.34
48,36,338.93
49,36,338.2
50,36,337.47
51,36,336.74
52,36,336.02
53,36,336.21
54,36,336.86
55,36,337.51
56,36,338.15
57,36,338.78
58,36,338.92
59,36,338.71
60,36,337.72
1,37,417.37
2,37,418.41
3,37,419.79
4,37,421.18
5,37,422.57
6,37,423.65
7,37,423.93
8,37,424.22
9,37,424.5
10,37,424.79
11,37,424.22
12,37,423.6
13,37,422.97
14,37,422.35
15,37,421.9
16,37,421.54
17,37,421.19
18,37,420.83
19,37,419.77
20,37,417
21,37,414.24
22,37,411.48
23,37,408.71
24,37,404.88
25,37,401
26,37,397.13
27,37,393.25
28,37,390.05
29,37,387.23
30,37,384.4
31,37,381.58
32,37,378.62
33,37,375.35
34,37,372.09
35,37,368.82
36,37,365.55
37,37,362.37
38,37,359.18
39,37,356
40,37,352.81
41,37,350.54
42,37,348.74
43,37,346.95
44,37,345.16
45,37,343.6
46,37,342.52
47,37,340.36
48,37,339.28
49,37,338.27
50,37,337.27
51,37,336.27
52,37,335.27
53,37,335.12
54,37,335.38
55,37,335.65
56,37,335.92
57,37,336.51
58,37,336.82
59,37,337.11
60,37,336.46
1,38,420.58
2,38,421.78
3,38,423.34
4,38,424.9
5,38,426.46
6,38,427.71
7,38,428.14
8,38,428.58
9,38,429.02
10,38,429.46
11,38,428.81
12,38,428.11
13,38,427.41
14,38,426.71
15,38,426.16
16,38,425.7
17,38,425.24
18,38,424.79
19,38,423.5
20,38,420.2
21,38,416.9
22,38,413.6
23,38,410.3
24,38,405.75
25,38,401.15
26,38,396.55
27,38,391.96
28,38,388.45
29,38,385.57
30,38,382.69
31,38,379.81
32,38,376.87
33,38,373.8
34,38,370.73
35,38,367.65
36,38,364.58
37,38,361.45
38,38,358.31
39,38,355.17
40,38,352.04
41,38,349.89
42,38,348.26
43,38,346.64
44,38,345.02
45,38,343.6
46,38,342.63
47,38,341.65
48,38,339.69
49,38,338.4
50,38,337.1
51,38,335.81
52,38,334.52
53,38,334.01
54,38,333.9
55,38,333.79
56,38,333.68
57,38,334.23
58,38,334.69
59,38,335.45
60,38,335.14
1,39,419.5
2,39,420.64
3,39,422.19
4,39,423.75
5,39,425.3
6,39,426.65
7,39,427.46
8,39,428.26
9,39,429.07
10,39,429.87
11,39,429.6
12,39,429.26
13,39,428.93
14,39,428.59
15,39,428.03
16,39,427.32
17,39,426.61
18,39,425.9
19,39,424.3
20,39,420.53
21,39,416.77
22,39,413
23,39,409.24
24,39,404.78
25,39,400.3
26,39,395.82
27,39,391.34
28,39,388.01
29,39,385.32
30,39,382.64
31,39,379.95
32,39,377.24
33,39,374.47
34,39,371.7
35,39,368.93
36,39,366.16
37,39,363.2
38,39,360.25
39,39,357.3
40,39,354.34
41,39,352.19
42,39,350.48
43,39,348.76
44,39,347.05
45,39,345.51
46,39,344.37
47,39,343.22
48,39,340.93
49,39,339.12
50,39,337.3
51,39,335.49
52,39,333.68
53,39,332.79
54,39,332.35
55,39,331.92
56,39,331.48
57,39,331.76
58,39,332.18
59,39,333.07
60,39,333.17
1,40,418.41
2,40,419.5
3,40,421.05
4,40,422.6
5,40,424.15
6,40,425.59
7,40,426.77
8,40,427.94
9,40,429.12
10,40,430.29
11,40,430.38
12,40,430.42
13,40,430.45
14,40,430.48
15,40,429.9
16,40,428.94
17,40,427.98
18,40,427.01
19,40,425.1
20,40,420.87
21,40,416.63
22,40,412.4
23,40,408.17
24,40,403.82
25,40,399.45
26,40,395.09
27,40,390.73
28,40,387.56
29,40,385.07
30,40,382.59
31,40,380.1
32,40,377.62
33,40,375.15
34,40,372.67
35,40,370.2
36,40,367.73
37,40,364.96
38,40,362.19
39,40,359.42
40,40,356.64
41,40,354.5
42,40,352.69
43,40,350.88
44,40,349.07
45,40,347.42
46,40,346.11
47,40,344.79
48,40,342.16
49,40,339.83
50,40,337.51
51,40,335.18
52,40,332.85
53,40,331.56
54,40,330.8
55,40,330.04
56,40,329.28
57,40,329.29
58,40,329.68
59,40,330.69
60,40,331.19
1,41,417.33
2,41,418.36
3,41,419.9
4,41,421.45
5,41,422.99
6,41,424.53
7,41,426.08
8,41,427.62
9,41,429.16
10,41,430.71
11,41,431.17
12,41,431.57
13,41,431.97
14,41,432.37
15,41,431.77
16,41,430.56
17,41,429.34
18,41,428.13
19,41,425.89
20,41,421.2
21,41,416.5
22,41,411.81
23,41,407.11
24,41,402.85
25,41,398.6
26,41,394.36
27,41,390.11
28,41,387.11
29,41,384.82
30,41,382.53
31,41,380.24
32,41,377.99
33,41,375.82
34,41,373.65
35,41,371.47
36,41,369.3
37,41,366.72
38,41,364.13
39,41,361.54
40,41,358.95
41,41,356.81
42,41,354.9
43,41,353
44,41,351.1
45,41,349.33
46,41,347.85
47,41,344.88
48,41,343.39
49,41,340.55
50,41,337.71
51,41,334.86
52,41,332.01
53,41,330.34
54,41,329.25
55,41,328.17
56,41,327.08
57,41,326.82
58,41,327.17
59,41,328.31
60,41,329.21
1,42,416.24
2,42,417.22
3,42,418.76
4,42,420.3
5,42,421.83
6,42,423.48
7,42,425.39
8,42,427.3
9,42,429.21
10,42,431.12
11,42,431.95
12,42,432.72
13,42,433.49
14,42,434.26
15,42,433.64
16,42,432.18
17,42,430.71
18,42,429.24
19,42,426.69
20,42,421.53
21,42,416.37
22,42,411.21
23,42,406.05
24,42,401.88
25,42,397.75
26,42,393.62
27,42,389.49
28,42,386.66
29,42,384.57
30,42,382.48
31,42,380.39
32,42,378.37
33,42,376.49
34,42,374.62
35,42,372.75
36,42,370.87
37,42,368.48
38,42,366.07
39,42,363.66
40,42,361.25
41,42,359.11
42,42,357.12
43,42,355.12
44,42,353.12
45,42,351.24
46,42,349.59
47,42,347.93
48,42,344.63
49,42,341.27
50,42,337.91
51,42,334.54
52,42,331.18
53,42,329.12
54,42,327.7
55,42,326.29
56,42,324.88
57,42,324.35
58,42,324.66
59,42,325.93
60,42,327.23
1,43,414.97
2,43,415.89
3,43,417.41
4,43,418.92
5,43,420.44
6,43,422.16
7,43,424.39
8,43,426.63
9,43,428.87
10,43,431.11
11,43,432.29
12,43,433.41
13,43,434.53
14,43,435.66
15,43,435.04
16,43,433.37
17,43,431.7
18,43,430.03
19,43,427.22
20,43,421.69
21,43,416.16
22,43,410.63
23,43,405.1
24,43,401.05
25,43,397.05
26,43,393.05
27,43,389.05
28,43,386.39
29,43,384.5
30,43,382.6
31,43,380.71
32,43,378.9
33,43,377.28
34,43,375.65
35,43,374.03
36,43,372.41
37,43,370.15
38,43,367.88
39,43,365.62
40,43,363.35
41,43,361.2
42,43,359.1
43,43,357.01
44,43,354.91
45,43,352.91
46,43,351.08
47,43,349.24
48,43,345.58
49,43,341.75
50,43,337.91
51,43,334.07
52,43,330.23
53,43,327.82
54,43,326.11
55,43,324.41
56,43,322.7
57,43,321.96
58,43,322.24
59,43,323.69
60,43,325.41
1,44,412.51
2,44,413.35
3,44,414.73
4,44,416.12
5,44,417.51
6,44,419.14
7,44,421.43
8,44,423.72
9,44,426.01
10,44,428.3
11,44,429.72
12,44,431.09
13,44,432.47
14,44,433.84
15,44,433.39
16,44,431.83
17,44,430.26
18,44,428.7
19,44,426.04
20,44,420.75
21,44,415.47
22,44,410.18
23,44,404.89
24,44,401.05
25,44,397.26
26,44,393.48
27,44,389.69
28,44,387.23
29,44,385.54
30,44,383.85
31,44,382.15
32,44,380.46
33,44,378.77
34,44,377.07
35,44,375.38
36,44,373.68
37,44,371.3
38,44,368.91
39,44,366.52
40,44,364.12
41,44,361.84
42,44,359.63
43,44,357.41
44,44,355.19
45,44,353.02
46,44,350.95
47,44,348.88
48,44,344.75
49,44,340.71
50,44,336.66
51,44,332.61
52,44,328.56
53,44,326.03
54,44,324.25
55,44,322.48
56,44,320.7
57,44,320.05
58,44,320.43
59,44,322.34
60,44,324.59
1,45,410.04
2,45,410.81
3,45,412.06
4,45,413.32
5,45,414.57
6,45,416.13
7,45,418.47
8,45,420.81
9,45,423.15
10,45,425.48
11,45,427.15
12,45,428.77
13,45,430.4
14,45,432.03
15,45,431.74
16,45,430.28
17,45,428.82
18,45,427.37
19,45,424.86
20,45,419.82
21,45,414.77
22,45,409.73
23,45,404.69
24,45,401.06
25,45,397.48
26,45,393.9
27,45,390.33
28,45,388.08
29,45,386.58
30,45,385.09
31,45,383.6
32,45,382.02
33,45,380.26
34,45,378.49
35,45,376.73
36,45,374.96
37,45,372.45
38,45,369.93
39,45,367.42
40,45,364.9
41,45,362.49
42,45,360.15
43,45,357.81
44,45,355.47
45,45,353.14
46,45,350.83
47,45,348.52
48,45,343.91
49,45,339.66
50,45,335.4
51,45,331.15
52,45,326.89
53,45,324.24
54,45,322.39
55,45,320.55
56,45,318.7
57,45,318.13
58,45,318.62
59,45,321
60,45,323.77
1,46,407.57
2,46,408.27
3,46,409.39
4,46,410.51
5,46,411.64
6,46,413.11
7,46,415.5
8,46,417.89
9,46,420.28
10,46,422.67
11,46,424.58
12,46,426.46
13,46,428.34
14,46,430.21
15,46,430.09
16,46,428.74
17,46,427.39
18,46,426.03
19,46,423.67
20,46,418.88
21,46,414.08
22,46,409.28
23,46,404.48
24,46,401.06
25,46,397.7
26,46,394.33
27,46,390.97
28,46,388.92
29,46,387.63
30,46,386.34
31,46,385.04
32,46,383.58
33,46,381.75
34,46,379.91
35,46,378.07
36,46,376.24
37,46,373.61
38,46,370.96
39,46,368.31
40,46,365.67
41,46,363.14
42,46,360.68
43,46,358.21
44,46,355.75
45,46,353.25
46,46,350.71
47,46,348.16
48,46,343.07
49,46,338.62
50,46,334.15
51,46,329.68
52,46,325.22
53,46,322.45
54,46,320.53
55,46,318.62
56,46,316.7
57,46,316.22
58,46,316.81
59,46,319.65
60,46,322.95
1,47,405.11
2,47,405.72
3,47,406.72
4,47,407.71
5,47,408.7
6,47,410.1
7,47,412.54
8,47,414.98
9,47,417.42
10,47,419.86
11,47,422.01
12,47,424.14
13,47,426.27
14,47,428.4
15,47,428.43
16,47,427.19
17,47,425.95
18,47,424.7
19,47,422.49
20,47,417.94
21,47,413.38
22,47,408.83
23,47,404.28
24,47,401.07
25,47,397.92
26,47,394.76
27,47,391.61
28,47,389.77
29,47,388.67
30,47,387.58
31,47,386.49
32,47,385.15
33,47,383.24
34,47,381.33
35,47,379.42
36,47,377.51
37,47,374.76
38,47,371.98
39,47,369.21
40,47,366.44
41,47,363.79
42,47,361.2
43,47,358.61
44,47,356.02
45,47,353.37
46,47,350.59
47,47,347.8
48,47,342.24
49,47,337.57
50,47,332.9
51,47,328.22
52,47,323.55
53,47,320.67
54,47,318.68
55,47,316.69
56,47,314.7
57,47,314.31
58,47,315
59,47,318.31
60,47,322.13
1,48,402.93
2,48,403.49
3,48,404.37
4,48,405.26
5,48,406.14
6,48,407.45
7,48,409.86
8,48,412.28
9,48,414.69
10,48,417.1
11,48,419.36
12,48,421.61
13,48,423.86
14,48,426.11
15,48,426.28
16,48,425.18
17,48,424.08
18,48,422.99
19,48,420.97
20,48,416.73
21,48,412.49
22,48,408.25
23,48,404.01
24,48,401.03
25,48,398.09
26,48,395.15
27,48,392.21
28,48,390.56
29,48,389.65
30,48,388.74
31,48,387.83
32,48,386.58
33,48,384.6
34,48,382.62
35,48,380.64
36,48,378.66
37,48,375.77
38,48,372.85
39,48,369.94
40,48,367.03
41,48,364.22
42,48,361.47
43,48,358.72
44,48,355.97
45,48,353.14
46,48,350.13
47,48,344.12
48,48,341.12
49,48,336.35
50,48,331.57
51,48,326.79
52,48,322.01
53,48,319.07
54,48,317.04
55,48,315.01
56,48,312.98
57,48,312.73
58,48,313.55
59,48,317.41
60,48,321.83
1,49,402
2,49,402.56
3,49,403.43
4,49,404.3
5,49,405.17
6,49,406.37
7,49,408.41
8,49,410.45
9,49,412.5
10,49,414.54
11,49,416.37
12,49,418.18
13,49,419.99
14,49,421.8
15,49,422
16,49,421.21
17,49,420.42
18,49,419.63
19,49,418.01
20,49,414.38
21,49,410.76
22,49,407.13
23,49,403.5
24,49,400.76
25,49,398.06
26,49,395.35
27,49,392.65
28,49,391.15
29,49,390.33
30,49,389.51
31,49,388.7
32,49,387.5
33,49,385.44
34,49,383.38
35,49,381.32
36,49,379.26
37,49,376.17
38,49,373.06
39,49,369.96
40,49,366.85
41,49,363.76
42,49,360.68
43,49,357.61
44,49,354.53
45,49,351.43
46,49,348.27
47,49,341.96
48,49,338.81
49,49,334.38
50,49,329.94
51,49,325.51
52,49,321.07
53,49,318.3
54,49,316.34
55,49,314.39
56,49,312.44
57,49,312.55
58,49,313.6
59,49,318.38
60,49,323.73
1,50,401.06
2,50,401.64
3,50,402.49
4,50,403.34
5,50,404.2
6,50,405.28
7,50,406.96
8,50,408.63
9,50,410.31
10,50,411.99
11,50,413.38
12,50,414.75
13,50,416.12
14,50,417.49
15,50,417.71
16,50,417.23
17,50,416.76
18,50,416.28
19,50,415.06
20,50,412.04
21,50,409.02
22,50,406
23,50,402.98
24,50,400.5
25,50,398.03
26,50,395.56
27,50,393.09
28,50,391.73
29,50,391.01
30,50,390.29
31,50,389.57
32,50,388.41
33,50,386.28
34,50,384.14
35,50,382
36,50,379.86
37,50,376.58
38,50,373.27
39,50,369.97
40,50,366.66
41,50,363.3
42,50,359.89
43,50,356.49
44,50,353.09
45,50,349.72
46,50,346.41
47,50,343.11
48,50,336.49
49,50,332.4
50,50,328.31
51,50,324.22
52,50,320.13
53,50,317.52
54,50,315.65
55,50,313.78
56,50,311.91
57,50,312.38
58,50,313.65
59,50,319.35
60,50,325.64
1,51,400.13
2,51,400.71
3,51,401.55
4,51,402.39
5,51,403.23
6,51,404.2
7,51,405.5
8,51,406.81
9,51,408.12
10,51,409.43
11,51,410.38
12,51,411.32
13,51,412.25
14,51,413.18
15,51,413.43
16,51,413.26
17,51,413.09
18,51,412.93
19,51,412.1
20,51,409.69
21,51,407.29
22,51,404.88
23,51,402.47
24,51,400.23
25,51,397.99
26,51,395.76
27,51,393.52
28,51,392.32
29,51,391.69
30,51,391.07
31,51,390.45
32,51,389.33
33,51,387.11
34,51,384.89
35,51,382.68
36,51,380.46
37,51,376.98
38,51,373.48
39,51,369.98
40,51,366.48
41,51,362.83
42,51,359.11
43,51,355.38
44,51,351.65
45,51,348.01
46,51,344.55
47,51,341.1
48,51,334.18
49,51,330.43
50,51,326.68
51,51,322.94
52,51,319.19
53,51,316.75
54,51,314.96
55,51,313.17
56,51,311.38
57,51,312.2
58,51,313.7
59,51,320.32
60,51,327.54
1,52,399.19
2,52,399.78
3,52,400.61
4,52,401.43
5,52,402.25
6,52,403.11
7,52,404.05
8,52,404.99
9,52,405.94
10,52,406.88
11,52,407.39
12,52,407.88
13,52,408.38
14,52,408.87
15,52,409.14
16,52,409.29
17,52,409.43
18,52,409.57
19,52,409.15
20,52,407.35
21,52,405.55
22,52,403.76
23,52,401.96
24,52,399.96
25,52,397.96
26,52,395.96
27,52,393.96
28,52,392.9
29,52,392.37
30,52,391.85
31,52,391.32
32,52,390.24
33,52,387.95
34,52,385.65
35,52,383.36
36,52,381.06
37,52,377.39
38,52,373.69
39,52,370
40,52,366.3
41,52,362.37
42,52,358.32
43,52,354.26
44,52,350.21
45,52,346.3
46,52,342.69
47,52,339.08
48,52,331.87
49,52,328.46
50,52,325.06
51,52,321.65
52,52,318.24
53,52,315.97
54,52,314.26
55,52,312.55
56,52,310.84
57,52,312.02
58,52,313.75
59,52,321.3
60,52,329.45
1,53,398.48
2,53,399.02
3,53,399.75
4,53,400.48
5,53,401.2
6,53,401.89
7,53,402.47
8,53,403.05
9,53,403.64
10,53,404.22
11,53,404.32
12,53,404.4
13,53,404.47
14,53,404.55
15,53,404.78
16,53,405.12
17,53,405.45
18,53,405.78
19,53,405.63
20,53,404.34
21,53,403.04
22,53,401.74
23,53,400.44
24,53,398.66
25,53,396.85
26,53,395.05
27,53,393.25
28,53,392.28
29,53,391.79
30,53,391.3
31,53,390.8
32,53,389.74
33,53,387.4
34,53,385.06
35,53,382.72
36,53,380.38
37,53,376.59
38,53,372.77
39,53,368.95
40,53,365.13
41,53,361.05
42,53,356.81
43,53,352.58
44,53,348.35
45,53,344.3
46,53,340.61
47,53,336.92
48,53,329.55
49,53,326.45
50,53,323.35
51,53,320.25
52,53,317.15
53,53,315.06
54,53,313.47
55,53,311.88
56,53,310.3
57,53,311.84
58,53,313.77
59,53,322.1
60,53,330.96
1,54,398.43
2,54,398.75
3,54,399.14
4,54,399.53
5,54,399.92
6,54,400.27
7,54,400.51
8,54,400.76
9,54,401
10,54,401.24
11,54,401
12,54,400.73
13,54,400.46
14,54,400.19
15,54,400.18
16,54,400.34
17,54,400.5
18,54,400.65
19,54,400.43
20,54,399.29
21,54,398.14
22,54,397
23,54,395.86
24,54,394.17
25,54,392.46
26,54,390.75
27,54,389.05
28,54,388.01
29,54,387.37
30,54,386.72
31,54,386.07
32,54,384.92
33,54,382.64
34,54,380.36
35,54,378.08
36,54,375.8
37,54,372.12
38,54,368.41
39,54,364.69
40,54,360.98
41,54,357.11
42,54,353.14
43,54,349.18
44,54,345.22
45,54,341.39
46,54,337.85
47,54,334.31
48,54,327.23
49,54,324.32
50,54,321.41
51,54,318.5
52,54,315.59
53,54,313.73
54,54,312.39
55,54,311.05
56,54,309.71
57,54,311.62
58,54,313.71
59,54,322.37
60,54,331.28
1,55,398.38
2,55,398.48
3,55,398.53
4,55,398.58
5,55,398.64
6,55,398.65
7,55,398.55
8,55,398.46
9,55,398.36
10,55,398.26
11,55,397.67
12,55,397.06
13,55,396.44
14,55,395.83
15,55,395.58
16,55,395.56
17,55,395.54
18,55,395.52
19,55,395.22
20,55,394.24
21,55,393.25
22,55,392.26
23,55,391.28
24,55,389.69
25,55,388.07
26,55,386.46
27,55,384.84
28,55,383.74
29,55,382.94
30,55,382.14
31,55,381.34
32,55,380.1
33,55,377.88
34,55,375.66
35,55,373.44
36,55,371.22
37,55,367.65
38,55,364.04
39,55,360.44
40,55,356.83
41,55,353.17
42,55,349.47
43,55,345.78
44,55,342.09
45,55,338.49
46,55,335.1
47,55,331.7
48,55,324.91
49,55,322.19
50,55,319.47
51,55,316.75
52,55,314.04
53,55,312.4
54,55,311.31
55,55,310.21
56,55,309.12
57,55,311.4
58,55,313.65
59,55,322.64
60,55,331.6
1,56,398.33
2,56,398.21
3,56,397.92
4,56,397.64
5,56,397.36
6,56,397.03
7,56,396.59
8,56,396.16
9,56,395.72
10,56,395.28
11,56,394.35
12,56,393.39
13,56,392.43
14,56,391.47
15,56,390.98
16,56,390.79
17,56,390.59
18,56,390.4
19,56,390.01
20,56,389.19
21,56,388.36
22,56,387.53
23,56,386.7
24,56,385.2
25,56,383.68
26,56,382.16
27,56,380.63
28,56,379.47
29,56,378.52
30,56,377.56
31,56,376.61
32,56,375.28
33,56,373.12
34,56,370.97
35,56,368.81
36,56,366.65
37,56,363.18
38,56,359.68
39,56,356.18
40,56,352.68
41,56,349.23
42,56,345.8
43,56,342.38
44,56,338.96
45,56,335.59
46,56,332.34
47,56,329.09
48,56,322.58
49,56,320.06
50,56,317.53
51,56,315.01
52,56,312.48
53,56,311.07
54,56,310.23
55,56,309.38
56,56,308.53
57,56,311.19
58,56,313.59
59,56,322.92
60,56,331.91
1,57,398.28
2,57,397.94
3,57,397.31
4,57,396.69
5,57,396.07
6,57,395.41
7,57,394.63
8,57,393.86
9,57,393.08
10,57,392.3
11,57,391.03
12,57,389.72
13,57,388.42
14,57,387.11
15,57,386.38
16,57,386.01
17,57,385.64
18,57,385.27
19,57,384.81
20,57,384.14
21,57,383.46
22,57,382.79
23,57,382.12
24,57,380.71
25,57,379.29
26,57,377.86
27,57,376.43
28,57,375.2
29,57,374.09
30,57,372.99
31,57,371.88
32,57,370.46
33,57,368.36
34,57,366.27
35,57,364.17
36,57,362.07
37,57,358.7
38,57,355.31
39,57,351.92
40,57,348.53
41,57,345.29
42,57,342.13
43,57,338.98
44,57,335.83
45,57,332.69
46,57,329.58
47,57,326.47
48,57,320.26
49,57,317.92
50,57,315.59
51,57,313.26
52,57,310.92
53,57,309.75
54,57,309.14
55,57,308.54
56,57,307.94
57,57,310.97
58,57,313.53
59,57,316.09
60,57,332.23
1,58,398.8
2,58,398.24
3,58,397.27
4,58,396.3
5,58,395.34
6,58,394.28
7,58,393.01
8,58,391.74
9,58,390.47
10,58,389.19
11,58,387.47
12,58,385.72
13,58,383.98
14,58,382.23
15,58,381.25
16,58,380.73
17,58,380.21
18,58,379.69
19,58,379.18
20,58,378.69
21,58,378.2
22,58,377.71
23,58,377.22
24,58,375.91
25,58,374.57
26,58,373.23
27,58,371.89
28,58,370.64
29,58,369.45
30,58,368.26
31,58,367.06
32,58,365.61
33,58,363.58
34,58,361.54
35,58,359.51
36,58,357.48
37,58,354.26
38,58,351.02
39,58,347.79
40,58,344.55
41,58,341.49
42,58,338.54
43,58,335.58
44,58,332.62
45,58,329.68
46,58,326.77
47,58,323.86
48,58,318.04
49,58,315.92
50,58,313.81
51,58,311.7
52,58,309.59
53,58,308.62
54,58,308.23
55,58,307.83
56,58,307.43
57,58,310.69
58,58,313.31
59,58,322.93
60,58,331.61
1,59,398.8
2,59,398.24
3,59,397.27
4,59,396.3
5,59,395.34
6,59,394.28
7,59,393.01
8,59,391.74
9,59,390.47
10,59,389.19
11,59,387.47
12,59,385.72
13,59,383.98
14,59,382.23
15,59,381.25
16,59,380.73
17,59,380.21
18,59,379.69
19,59,379.18
20,59,378.69
21,59,378.2
22,59,377.71
23,59,377.22
24,59,375.91
25,59,374.57
26,59,373.23
27,59,371.89
28,59,370.64
29,59,369.45
30,59,368.26
31,59,367.06
32,59,365.61
33,59,363.58
34,59,361.54
35,59,359.51
36,59,357.48
37,59,354.26
38,59,351.02
39,59,347.79
40,59,344.55
41,59,341.49
42,59,338.54
43,59,335.58
44,59,332.62
45,59,329.68
46,59,326.77
47,59,323.86
48,59,318.04
49,59,315.92
50,59,313.81
51,59,311.7
52,59,309.59
53,59,308.62
54,59,308.23
55,59,307.83
56,59,307.43
57,59,310.69
58,59,313.31
59,59,322.93
60,59,331.61
1,60,398.28
2,60,397.94
3,60,397.31
4,60,396.69
5,60,396.07
6,60,395.41
7,60,394.63
8,60,393.86
9,60,393.08
10,60,392.3
11,60,391.03
12,60,389.72
13,60,388.42
14,60,387.11
15,60,386.38
16,60,386.01
17,60,385.64
18,60,385.27
19,60,384.81
20,60,384.14
21,60,383.46
22,60,382.79
23,60,382.12
24,60,380.71
25,60,379.29
26,60,377.86
27,60,376.43
28,60,375.2
29,60,374.09
30,60,372.99
31,60,371.88
32,60,370.46
33,60,368.36
34,60,366.27
35,60,364.17
36,60,362.07
37,60,358.7
38,60,355.31
39,60,351.92
40,60,348.53
41,60,345.29
42,60,342.13
43,60,338.98
44,60,335.83
45,60,332.69
46,60,329.58
47,60,326.47
48,60,320.26
49,60,317.92
50,60,315.59
51,60,313.26
52,60,310.92
53,60,309.75
54,60,309.14
55,60,308.54
56,60,307.94
57,60,310.97
58,60,313.53
59,60,316.09
60,60,332.23
